state_name,year,ECO_prop_hh_microfin,OUT_hh_income_monthly,OUT_prop_saving,ACC_pop_hh_elec,SKL_fem_literacy,SRV_pop_hh_sf,AGR_fem_15_24_hyg_period,NAT_upi_total_vol,NAT_upi_total_val,NAT_upi_p2p_vol,NAT_upi_p2m_vol,NAT_ib_no_of_transactions,NAT_ib_amt_of_transactions,NAT_ib_active_users,AGR_shg_member_scale,Z_ACC_pop_hh_elec,Z_SKL_fem_literacy,Z_SRV_pop_hh_sf,Z_AGR_fem_15_24_hyg_period,Z_AGR_shg_member_scale,Z_ECO_prop_hh_microfin,Z_OUT_hh_income_monthly,Z_OUT_prop_saving,ACC_score,SKL_score,SRV_score,AGR_score,ECO_score,OUT_score,DCLO_score,CTX_dpi_composite_v2,CTX_dpi_confidence_score,CTX_coverage_ratio,CTX_imputation_share,Z_CTX_dpi_composite_v2,DCLO_score_context_adjusted
Andaman And Nicobar Islands,2014,18.5,8909.0,61.0,97.03333333333335,0.0,73.4,91.0,15003.34,2742522.49,8947.5,6055.85,3580285350.0,7668933532.51,747362873.0,1645436.5,0.3119002080687632,-1.1896346034301803,0.44140633293122644,1.1004986114240844,-0.35213844094386393,-0.11178352909355611,-0.17283681365393289,0.06422942010550849,0.3119002080687632,-1.1896346034301803,0.44140633293122644,0.37418008524011026,-0.11178352909355611,-0.0543036967742122,-0.03803920050964146,3.8577679934065,72.0,0.6,0,-0.47716319602054796,-0.10961367991272365
Andhra Pradesh,2014,29.0,6860.0,75.0,99.17692307692307,0.0,53.13076923076923,67.67692307692307,15003.34,2742522.49,8947.5,6055.85,3580285350.0,7668933532.51,747362873.0,8926813.0,0.7181093208166632,-1.1896346034301803,-0.7712359010118838,-0.38800227462510783,1.9625577437081765,0.8312108573623402,-1.1582990575706722,0.791334081256898,0.7181093208166632,-1.1896346034301803,-0.7712359010118838,0.7872777345415343,0.8312108573623402,-0.1834824881568871,0.03204082002026442,3.8577679934065,72.0,0.6,0,-0.47716319602054796,-0.03953365938281777
Arunachal Pradesh,2014,31.0,15130.0,45.0,87.08181818181818,0.0,60.91818181818182,75.57272727272726,15003.34,2742522.49,8947.5,6055.85,3580285350.0,7668933532.51,747362873.0,65182.0,-1.5739066037443614,-1.1896346034301803,-0.30534030269584184,0.11591543658805517,-0.8544897562383302,1.010828835734892,2.8191400625813214,-0.7667473354960795,-1.5739066037443614,-1.1896346034301803,-0.30534030269584184,-0.36928715982513755,1.010828835734892,1.026196363542621,-0.23352391173633466,3.8577679934065,72.0,0.6,0,-0.47716319602054796,-0.30509839113941684
Assam,2014,18.0,10002.0,71.0,77.5142857142857,0.0,48.647619047619045,46.438095238095244,15003.34,2742522.49,8947.5,6055.85,3580285350.0,7668933532.51,747362873.0,3675547.0,-2.875572575648607,-1.1896346034301803,-1.0394482133138578,-1.7434844076648148,0.2932187973162434,-0.15668802368669404,0.3528392393480174,0.583589892356501,-2.875572575648607,-1.1896346034301803,-1.0394482133138578,-0.7251328051742857,-0.15668802368669404,0.46821456585225923,-0.9197102759002278,3.8577679934065,72.0,0.6,0,-0.47716319602054796,-0.99128475530331
Bihar,2014,27.0,5854.0,49.0,60.731578947368426,0.0,25.98157894736842,29.986842105263158,15003.34,2742522.49,8947.5,6055.85,3580285350.0,7668933532.51,747362873.0,12192290.0,-2.875572575648607,-1.1896346034301803,-2.0922316686574343,-1.850639979768044,2.5766771002390634,0.6515928789897886,-1.4386916823649423,-0.5590031465956825,-2.875572575648607,-1.1896346034301803,-2.0922316686574343,0.3630185602355097,0.6515928789897886,-0.9988474144803123,-1.0236124704985394,3.8577679934065,72.0,0.6,0,-0.47716319602054796,-1.0951869499016216
Chhattisgarh,2014,12.0,8560.0,81.0,93.72500000000001,0.0,30.416666666666668,44.475,15003.34,2742522.49,8947.5,6055.85,3580285350.0,7668933532.51,747362873.0,2782646.0,-0.3150271935137514,-1.1896346034301803,-2.0922316686574343,-1.850639979768044,0.009372118330203906,-0.6955419588043491,-0.3406876302117377,1.1029503646074936,-0.3150271935137514,-1.1896346034301803,-2.0922316686574343,-0.92063393071892,-0.6955419588043491,0.381131367197878,-0.8053229979877928,3.8577679934065,72.0,0.6,0,-0.47716319602054796,-0.876897477390875
Goa,2014,18.5,8909.0,61.0,99.85,0.0,78.19999999999999,89.1,15003.34,2742522.49,8947.5,6055.85,3580285350.0,7668933532.51,747362873.0,46186.0,0.8263123014327509,-1.1896346034301803,0.7285747405139581,0.9792388096911848,-0.8605284453136239,-0.11178352909355611,-0.17283681365393289,0.06422942010550849,0.8263123014327509,-1.1896346034301803,0.7285747405139581,0.05935518218878044,-0.11178352909355611,-0.0543036967742122,0.04308673247292347,3.8577679934065,72.0,0.6,0,-0.47716319602054796,-0.028487746930158722
Gujarat,2014,65.0,7811.0,62.0,94.58125,0.0,55.65625,55.7375,15003.34,2742522.49,8947.5,6055.85,3580285350.0,7668933532.51,747362873.0,2660899.0,-0.15276827534598708,-1.1896346034301803,-0.6201445904117141,-1.1499875773161046,-0.029330360025754197,2.178345695156478,-0.7009176061481154,0.11616546733060773,-0.15276827534598708,-1.1896346034301803,-0.6201445904117141,-0.5896589686709294,2.178345695156478,-0.2923760694087538,-0.11103946868518115,3.8577679934065,72.0,0.6,0,-0.47716319602054796,-0.18261394808826334
Haryana,2014,7.0,10518.0,45.0,98.825,0.0,80.625,78.88,15003.34,2742522.49,8947.5,6055.85,3580285350.0,7668933532.51,747362873.0,580325.0,0.6514200855000977,-1.1896346034301803,0.8736546130948185,0.326988718264748,-0.6907295748151878,-1.1445869047357284,0.6010083549463764,-0.7667473354960795,0.6514200855000977,-1.1896346034301803,0.8736546130948185,-0.1818704282752199,-1.1445869047357284,-0.08286949027485158,-0.1789811213535107,3.8577679934065,72.0,0.6,0,-0.47716319602054796,-0.2505556007565929
Himachal Pradesh,2014,14.0,8880.0,80.0,99.32000000000001,0.0,71.62,83.97,15003.34,2742522.49,8947.5,6055.85,3580285350.0,7668933532.51,747362873.0,330554.0,0.7452223214043839,-1.1896346034301803,0.3349147151192963,0.6518373450123572,-0.7701299437889285,-0.5159239804317974,-0.1867843027088794,1.0510143173823943,0.7452223214043839,-1.1896346034301803,0.3349147151192963,-0.05914629938828564,-0.5159239804317974,0.43211500733675745,-0.04207547323163763,3.8577679934065,72.0,0.6,0,-0.47716319602054796,-0.11364995263471982
Jammu And Kashmir,2014,21.0,9877.0,55.0,96.23,0.0,50.945,62.825,15003.34,2742522.49,8947.5,6055.85,3580285350.0,7668933532.51,747362873.0,629974.0,0.1596689700018741,-1.1896346034301803,-0.9020033737917452,-0.69765660637825,-0.6749465218619737,0.1127389438721335,0.2927207520422134,-0.24738686324508702,0.1596689700018741,-1.1896346034301803,-0.9020033737917452,-0.6863015641201118,0.1127389438721335,0.022666944398563177,-0.4138107805115778,3.8577679934065,72.0,0.6,0,-0.47716319602054796,-0.48538525991466
Jharkhand,2014,5.0,16020.0,21.0,78.02916666666667,0.0,22.275000000000002,47.00416666666666,15003.34,2742522.49,8947.5,6055.85,3580285350.0,7668933532.51,747362873.0,3135384.0,-2.875572575648607,-1.1896346034301803,-2.0922316686574343,-1.7073571922989046,0.1215049414003736,-1.32420488310828,2.8191400625813214,-1.8080650823593194,-2.875572575648607,-1.1896346034301803,-2.0922316686574343,-0.7929261254492654,-1.32420488310828,0.505537490111001,-1.2948387276971278,3.8577679934065,72.0,0.6,0,-0.47716319602054796,-1.36641320710021
Karnataka,2014,23.0,8059.0,51.0,97.91333333333334,0.0,54.44666666666667,68.19666666666667,15003.34,2742522.49,8947.5,6055.85,3580285350.0,7668933532.51,747362873.0,2726564.0,0.4786597385652698,-1.1896346034301803,-0.6925100320100361,-0.3548317458649742,-0.008455938140664717,0.2923569222446852,-0.5816425273334002,-0.45513105214548405,0.4786597385652698,-1.1896346034301803,-0.6925100320100361,-0.18164384200281944,0.2923569222446852,-0.5183867897394421,-0.30185976772875384,3.8577679934065,72.0,0.6,0,-0.47716319602054796,-0.37343424713183604
Kerala,2014,18.5,8909.0,61.0,99.07857142857142,0.0,97.82857142857142,89.89285714285714,15003.34,2742522.49,8947.5,6055.85,3580285350.0,7668933532.51,747362873.0,3270313.0,0.6994717359272551,-1.1896346034301803,1.348043361402387,1.0298397043992744,0.16439788087396284,-0.11178352909355611,-0.17283681365393289,0.06422942010550849,0.6994717359272551,-1.1896346034301803,1.348043361402387,0.5971187926366186,-0.11178352909355611,-0.0543036967742122,0.21481867677805203,3.8577679934065,72.0,0.6,0,-0.47716319602054796,0.14324419737496985
Ladakh,2014,18.5,8909.0,61.0,98.69999999999999,0.0,17.85,67.85,15003.34,2742522.49,8947.5,6055.85,3580285350.0,7668933532.51,747362873.0,1645436.5,0.6277326521909319,-1.1896346034301803,-2.0922316686574343,-0.3769563412688723,-0.35213844094386393,-0.11178352909355611,-0.17283681365393289,0.06422942010550849,0.6277326521909319,-1.1896346034301803,-2.0922316686574343,-0.36454739110636813,-0.11178352909355611,-0.0543036967742122,-0.5307947061451365,3.8577679934065,72.0,0.6,0,-0.47716319602054796,-0.6023691855482186
Madhya Pradesh,2014,31.0,9716.0,36.0,89.63541666666667,0.0,31.391666666666666,34.487500000000004,15003.34,2742522.49,8947.5,6055.85,3580285350.0,7668933532.51,747362873.0,5061813.0,-1.0900010532785347,-1.1896346034301803,-2.0718157896808496,-1.850639979768044,0.7339025912544974,1.010828835734892,0.21528814039233782,-1.2341717605219729,-1.0900010532785347,-1.1896346034301803,-2.0718157896808496,-0.5583686942567733,1.010828835734892,-0.5094418100648175,-0.734738852496044,3.8577679934065,72.0,0.6,0,-0.47716319602054796,-0.8063133318991261
Maharashtra,2014,22.0,8762.0,48.0,93.23636363636365,0.0,50.233333333333334,61.29090909090909,15003.34,2742522.49,8947.5,6055.85,3580285350.0,7668933532.51,747362873.0,5688225.0,-0.40762352372229693,-1.1896346034301803,-0.9445800786659906,-0.7955637429448854,0.9330343716836861,0.20254793305840935,-0.2435361547255584,-0.6109391938207818,-0.40762352372229693,-1.1896346034301803,-0.9445800786659906,0.06873531436940034,0.20254793305840935,-0.42723767427317005,-0.44963210544397136,3.8577679934065,72.0,0.6,0,-0.47716319602054796,-0.5212065848470535
Manipur,2014,16.0,8938.0,34.0,91.12222222222222,0.0,56.05555555555556,75.54444444444444,15003.34,2742522.49,8947.5,6055.85,3580285350.0,7668933532.51,747362873.0,81220.0,-0.808252193751214,-1.1896346034301803,-0.5962554361350834,0.11411039966699141,-0.8493913936678122,-0.3363060020592457,-0.15888932459898636,-1.3380438549721714,-0.808252193751214,-1.1896346034301803,-0.5962554361350834,-0.3676404970004104,-0.3363060020592457,-0.7484665897855789,-0.6744258870269522,3.8577679934065,72.0,0.6,0,-0.47716319602054796,-0.7460003664300343
Meghalaya,2014,37.0,9491.0,85.0,93.89999999999999,0.0,70.8,65.60000000000001,15003.34,2742522.49,8947.5,6055.85,3580285350.0,7668933532.51,747362873.0,387717.0,-0.2818647868809265,-1.1896346034301803,0.2858567788239124,-0.5205534748999363,-0.7519582453465716,1.5496827708525471,0.1070748632418906,1.3106945535078904,-0.2818647868809265,-1.1896346034301803,0.2858567788239124,-0.636255860123254,1.5496827708525471,0.7088847083748905,0.07277816793616486,3.8577679934065,72.0,0.6,0,-0.47716319602054796,0.0012036885330826697
Mizoram,2014,26.0,9679.0,82.0,94.7625,0.0,81.4625,91.7125,15003.34,2742522.49,8947.5,6055.85,3580285350.0,7668933532.51,747362873.0,70608.0,-0.11842149704769966,-1.1896346034301803,0.9237595175428478,1.145971037073922,-0.8527648706349115,0.5617838898035128,0.19749306814981984,1.1548864118325928,-0.11842149704769966,-1.1896346034301803,0.9237595175428478,0.14660308321950527,0.5617838898035128,0.6761897399912064,0.16671335501319873,3.8577679934065,72.0,0.6,0,-0.47716319602054796,0.09513887561011654
Nagaland,2014,8.0,6632.0,26.0,97.34545454545454,0.0,77.86363636363636,71.75454545454545,15003.34,2742522.49,8947.5,6055.85,3580285350.0,7668933532.51,747362873.0,117673.0,0.3710470112407312,-1.1896346034301803,0.7084511968007746,-0.12776454775556975,-0.8378032523295473,-1.0547779155494525,-1.2679551784164589,-1.7535322327729652,0.3710470112407312,-1.1896346034301803,0.7084511968007746,-0.48278390004255856,-1.0547779155494525,-1.5107437055947122,-0.5264069860958996,3.8577679934065,72.0,0.6,0,-0.47716319602054796,-0.5979814654989818
Odisha,2014,5.0,8338.0,32.0,86.46666666666667,0.0,28.466666666666665,45.70333333333333,15003.34,2742522.49,8947.5,6055.85,3580285350.0,7668933532.51,747362873.0,5390546.0,-1.6904774876658173,-1.1896346034301803,-2.0922316686574343,-1.7903776091870867,0.8384044008875001,-1.32420488310828,-0.4474580636668456,-1.44191594942237,-1.6904774876658173,-1.1896346034301803,-2.0922316686574343,-0.47598660414979327,-1.32420488310828,-0.9446870065446078,-1.2862037089260188,3.8577679934065,72.0,0.6,0,-0.47716319602054796,-1.357778188329101
Puducherry,2014,18.5,8909.0,61.0,99.725,0.0,75.85,90.3,15003.34,2742522.49,8947.5,6055.85,3580285350.0,7668933532.51,747362873.0,52746.0,0.8219696053260696,-1.1896346034301803,0.5879818743015789,1.055823947627753,-0.8584430694274413,-0.11178352909355611,-0.17283681365393289,0.06422942010550849,0.8219696053260696,-1.1896346034301803,0.5879818743015789,0.09869043910015579,-0.11178352909355611,-0.0543036967742122,0.025486681571642595,3.8577679934065,72.0,0.6,0,-0.47716319602054796,-0.0460877978314396
Punjab,2014,19.0,6277.0,50.0,99.55000000000001,0.0,83.35,84.53888888888889,15003.34,2742522.49,8947.5,6055.85,3580285350.0,7668933532.51,747362873.0,391155.0,0.7888071986932446,-1.1896346034301803,1.0366825111495988,0.6881443733674711,-0.7508653303623192,-0.0668790345004182,-1.4386916823649423,-0.5070670993705833,0.7888071986932446,-1.1896346034301803,1.0366825111495988,-0.031360478497424016,-0.0668790345004182,-0.9728793908677628,-0.07254396624215699,3.8577679934065,72.0,0.6,0,-0.47716319602054796,-0.14411844564523918
Rajasthan,2014,14.0,11702.0,76.0,90.26969696969697,0.0,42.95757575757575,51.34545454545455,15003.34,2742522.49,8947.5,6055.85,3580285350.0,7668933532.51,747362873.0,2814434.0,-0.9698052742597684,-1.1896346034301803,-1.3798650197052216,-1.4302920831161374,0.019477290383553857,-0.5159239804317974,1.170450666706952,0.8432701284819972,-0.9698052742597684,-1.1896346034301803,-1.3798650197052216,-0.7054073963662918,-0.5159239804317974,1.0068603975944748,-0.6256293127664642,3.8577679934065,72.0,0.6,0,-0.47716319602054796,-0.6972037921695463
Sikkim,2014,40.0,8383.0,87.0,99.5,0.0,91.075,83.42500000000001,15003.34,2742522.49,8947.5,6055.85,3580285350.0,7668933532.51,747362873.0,45110.0,0.7793322253695772,-1.1896346034301803,1.348043361402387,0.6170549281995,-0.8608704978217844,1.8191097384113746,-0.4258154082367562,1.414566647958089,0.7793322253695772,-1.1896346034301803,1.348043361402387,-0.12190778481114217,1.8191097384113746,0.49437561986066636,0.5215530928004471,3.8577679934065,72.0,0.6,0,-0.47716319602054796,0.44997861339736495
Tamil Nadu,2014,18.5,8909.0,61.0,98.875,0.0,49.3625,90.434375,15003.34,2742522.49,8947.5,6055.85,3580285350.0,7668933532.51,747362873.0,3284958.0,0.6608950588237623,-1.1896346034301803,-0.9966792081666777,1.064399887552942,0.1690534189613326,-0.11178352909355611,-0.17283681365393289,0.06422942010550849,0.6608950588237623,-1.1896346034301803,-0.9966792081666777,0.6167266532571373,-0.11178352909355611,-0.0543036967742122,-0.17912988756395443,3.8577679934065,72.0,0.6,0,-0.47716319602054796,-0.25070436696703663
The Dadra And Nagar Haveli And Daman And Diu,2014,11.0,7434.5,60.0,99.10000000000001,0.0,57.06666666666666,64.23333333333333,15003.34,2742522.49,8947.5,6055.85,3580285350.0,7668933532.51,747362873.0,2514.0,0.7035324387802573,-1.1896346034301803,-0.5357639428711284,-0.6077754375499169,-0.8608704978217844,-0.785350947990625,-0.8819944899131971,0.012293372880409234,0.7035324387802573,-1.1896346034301803,-0.5357639428711284,-0.7343229676858507,-0.785350947990625,-0.4348505585163939,-0.49606509695232015,3.8577679934065,72.0,0.6,0,-0.47716319602054796,-0.5676395763554023
Tripura,2014,5.0,10061.0,99.0,88.7,0.0,50.3,27.2,15003.34,2742522.49,8947.5,6055.85,3580285350.0,7668933532.51,747362873.0,417496.0,-1.2672620125421048,-1.1896346034301803,-0.9405916285606751,-1.850639979768044,-0.7424917196583651,-1.32420488310828,0.3812151653563569,1.414566647958089,-1.2672620125421048,-1.1896346034301803,-0.9405916285606751,-1.2965658497132044,-1.32420488310828,0.8978909066572229,-0.8533946784495369,3.8577679934065,72.0,0.6,0,-0.47716319602054796,-0.924969157852619
Uttar Pradesh,2014,7.0,10747.0,87.0,70.97076923076924,0.0,33.35076923076923,44.90923076923077,15003.34,2742522.49,8947.5,6055.85,3580285350.0,7668933532.51,747362873.0,7516717.0,-2.875572575648607,-1.1896346034301803,-1.9546090472590614,-1.841057987860068,1.5142985675492313,-1.1445869047357284,0.7111454236906093,1.414566647958089,-2.875572575648607,-1.1896346034301803,-1.9546090472590614,-0.1633797101554183,-1.1445869047357284,1.062856035824349,-1.044154467567441,3.8577679934065,72.0,0.6,0,-0.47716319602054796,-1.1157289469705232
Uttarakhand,2014,16.0,10758.0,76.0,97.1846153846154,0.0,65.02307692307693,71.29230769230769,15003.34,2742522.49,8947.5,6055.85,3580285350.0,7668933532.51,747362873.0,403600.0,0.34056807607369916,-1.1896346034301803,-0.059757762994408034,-0.1572650000726277,-0.7469091561392179,-0.3363060020592457,0.7164358505735201,0.8432701284819972,0.34056807607369916,-1.1896346034301803,-0.059757762994408034,-0.4520870781059228,-0.3363060020592457,0.7798529895277586,-0.15289406349804988,3.8577679934065,72.0,0.6,0,-0.47716319602054796,-0.22446854290113205
West Bengal,2014,44.0,7241.0,75.0,93.90555555555555,0.0,50.333333333333336,54.03888888888889,15003.34,2742522.49,8947.5,6055.85,3580285350.0,7668933532.51,747362873.0,10858658.0,-0.28081201206718504,-1.1896346034301803,-0.9385974035080169,-1.2583945491869637,2.5766771002390634,2.178345695156478,-0.9750579082625817,0.791334081256898,-0.28081201206718504,-1.1896346034301803,-0.9385974035080169,0.6591412755260498,2.178345695156478,-0.09186191350284184,0.05609683969571728,3.8577679934065,72.0,0.6,0,-0.47716319602054796,-0.015477639707364911
Andhra Pradesh,2016,29.0,6860.0,75.0,99.33076923076922,33.823076923076925,64.91538461538462,76.29615384615386,15003.34,2742522.49,8947.5,6055.85,3580285350.0,7668933532.51,747362873.0,8926813.0,0.7472630848894778,-0.1771371637943297,-0.06620064393376399,0.1620852065154338,1.9625577437081765,0.8312108573623402,-1.1582990575706722,0.791334081256898,0.7472630848894778,-0.1771371637943297,-0.06620064393376399,1.062321475111805,0.8312108573623402,-0.1834824881568871,0.3689958535797737,0.122015025659487,100.0,1.0,0,-1.0206406871899134,0.2158997505012867
Arunachal Pradesh,2016,31.0,15130.0,45.0,90.97340909090909,35.417500000000004,72.7290909090909,83.52136363636363,15003.34,2742522.49,8947.5,6055.85,3580285350.0,7668933532.51,747362873.0,65182.0,-0.8364522027392746,-0.12940793777647183,0.40126802141682083,0.6232049468519809,-0.8544897562383302,1.010828835734892,2.8191400625813214,-0.7667473354960795,-0.8364522027392746,-0.12940793777647183,0.40126802141682083,-0.11564240469317466,1.010828835734892,1.026196363542621,0.22613177924756878,0.122015025659487,100.0,1.0,0,-1.0206406871899134,0.07303567616908177
Assam,2016,18.0,10002.0,71.0,85.33593073593073,38.70151515151515,59.37835497835498,57.51601731601732,15003.34,2742522.49,8947.5,6055.85,3580285350.0,7668933532.51,747362873.0,3675547.0,-1.904751343262472,-0.03110059157622718,-0.3974631405179723,-1.036480915674637,0.2932187973162434,-0.15668802368669404,0.3528392393480174,0.583589892356501,-1.904751343262472,-0.03110059157622718,-0.3974631405179723,-0.3716310591791968,-0.15668802368669404,0.46821456585225923,-0.39890326539505055,0.122015025659487,100.0,1.0,0,-1.0206406871899134,-0.5519993684735376
Bihar,2016,27.0,5854.0,49.0,78.63947368421053,28.821052631578947,37.72763157894737,44.48026315789474,15003.34,2742522.49,8947.5,6055.85,3580285350.0,7668933532.51,747362873.0,12192290.0,-2.875572575648607,-0.32687329808087606,-1.6927555908559082,-1.850639979768044,2.5766771002390634,0.6515928789897886,-1.4386916823649423,-0.5590031465956825,-2.875572575648607,-0.32687329808087606,-1.6927555908559082,0.3630185602355097,0.6515928789897886,-0.9988474144803123,-0.8132395733067342,0.122015025659487,100.0,1.0,0,-1.0206406871899134,-0.9663356763852212
Chandigarh,2016,11.0,7272.0,42.0,95.84398148148148,38.70151515151515,63.705555555555556,71.72339572192513,15003.34,2742522.49,8947.5,6055.85,3580285350.0,7668933532.51,747362873.0,1645436.5,0.08651866669379825,-0.03110059157622718,-0.13858078655010322,-0.1297525532300818,-0.35213844094386393,-0.785350947990625,-0.9601485234107422,-0.9225554771713773,0.08651866669379825,-0.03110059157622718,-0.13858078655010322,-0.24094549708697288,-0.785350947990625,-0.9413520002910598,-0.341801859466865,0.122015025659487,100.0,1.0,0,-1.0206406871899134,-0.494897962545352
Chhattisgarh,2016,12.0,8560.0,81.0,95.84398148148148,34.00185185185185,51.61203703703704,55.17453703703704,15003.34,2742522.49,8947.5,6055.85,3580285350.0,7668933532.51,747362873.0,2782646.0,0.08651866669379825,-0.17178551710448653,-0.8620967146824471,-1.1859164074591855,0.009372118330203906,-0.6955419588043491,-0.3406876302117377,1.1029503646074936,0.08651866669379825,-0.17178551710448653,-0.8620967146824471,-0.5882721445644907,-0.6955419588043491,0.381131367197878,-0.30834105021068287,0.122015025659487,100.0,1.0,0,-1.0206406871899134,-0.4614371532891699
Delhi,2016,6.0,12072.0,23.0,99.86363636363636,83.8,81.0909090909091,97.05454545454545,15003.34,2742522.49,8947.5,6055.85,3580285350.0,7668933532.51,747362873.0,1645436.5,0.8263123014327509,1.3189273950671943,0.9015284405353775,1.4742717969330654,-0.35213844094386393,-1.234395893922004,1.3484013891321318,-1.8080650823593194,0.8263123014327509,1.3189273950671943,0.9015284405353775,0.5610666779946007,-1.234395893922004,-0.2298318466135938,0.3572678457490542,0.122015025659487,100.0,1.0,0,-1.0206406871899134,0.20417174267056717
Gujarat,2016,65.0,7811.0,62.0,95.9671875,37.26875,63.465625,60.271875,15003.34,2742522.49,8947.5,6055.85,3580285350.0,7668933532.51,747362873.0,2660899.0,0.10986614146935707,-0.0739905702380679,-0.15293505229371332,-0.8605994649568334,-0.029330360025754197,2.178345695156478,-0.7009176061481154,0.11616546733060773,0.10986614146935707,-0.0739905702380679,-0.15293505229371332,-0.4449649124912938,2.178345695156478,-0.2923760694087538,0.22065753869900104,0.122015025659487,100.0,1.0,0,-1.0206406871899134,0.06756143562051403
Haryana,2016,7.0,10518.0,45.0,99.21931818181818,39.699999999999996,82.82613636363635,86.11045454545454,15003.34,2742522.49,8947.5,6055.85,3580285350.0,7668933532.51,747362873.0,580325.0,0.7261431705753657,-0.0012108404188944178,1.005341451515214,0.7884431838545157,-0.6907295748151878,-1.1445869047357284,0.6010083549463764,-0.7667473354960795,0.7261431705753657,-0.0012108404188944178,1.005341451515214,0.048856804519663954,-1.1445869047357284,-0.08286949027485158,0.09194569853012818,0.122015025659487,100.0,1.0,0,-1.0206406871899134,-0.06115040454835882
Himachal Pradesh,2016,14.0,8880.0,80.0,99.39500000000001,45.325,76.29,88.12,15003.34,2742522.49,8947.5,6055.85,3580285350.0,7668933532.51,747362873.0,330554.0,0.7594347813898823,0.16717413859718852,0.6143056449966634,0.9166942803763216,-0.7701299437889285,-0.5159239804317974,-0.1867843027088794,1.0510143173823943,0.7594347813898823,0.16717413859718852,0.6143056449966634,0.07328216829369655,-0.5159239804317974,0.43211500733675745,0.25506462669706514,0.122015025659487,100.0,1.0,0,-1.0206406871899134,0.10196852361857814
Jammu And Kashmir,2016,21.0,9877.0,55.0,97.57249999999999,37.5225,62.3475,67.3575,15003.34,2742522.49,8947.5,6055.85,3580285350.0,7668933532.51,747362873.0,629974.0,0.41407200374228215,-0.06639453674023117,-0.21982883890380597,-0.4083881582970049,-0.6749465218619737,0.1127389438721335,0.2927207520422134,-0.24738686324508702,0.41407200374228215,-0.06639453674023117,-0.21982883890380597,-0.5416673400794894,0.1127389438721335,0.022666944398563177,-0.04640213728509127,0.122015025659487,100.0,1.0,0,-1.0206406871899134,-0.19949824036357827
Jharkhand,2016,5.0,16020.0,21.0,85.73958333333334,29.870833333333334,38.79375,60.90416666666666,15003.34,2742522.49,8947.5,6055.85,3580285350.0,7668933532.51,747362873.0,3135384.0,-1.8282593914141139,-0.2954480000477381,-1.6289731889250119,-0.8202460112003263,0.1215049414003736,-1.32420488310828,2.8191400625813214,-1.8080650823593194,-1.8282593914141139,-0.2954480000477381,-1.6289731889250119,-0.3493705348999763,-1.32420488310828,0.505537490111001,-0.8201197513806865,0.122015025659487,100.0,1.0,0,-1.0206406871899134,-0.9732158544591735
Karnataka,2016,23.0,8059.0,51.0,98.53666666666668,37.915,64.52166666666668,76.51166666666667,15003.34,2742522.49,8947.5,6055.85,3580285350.0,7668933532.51,747362873.0,2726564.0,0.5967810726669629,-0.054645007093331234,-0.08975550984419596,0.17583943908716096,-0.008455938140664717,0.2923569222446852,-0.5816425273334002,-0.45513105214548405,0.5967810726669629,-0.054645007093331234,-0.08975550984419596,0.08369175047324812,0.2923569222446852,-0.5183867897394421,0.051673739784654504,0.122015025659487,100.0,1.0,0,-1.0206406871899134,-0.1014223632938325
Madhya Pradesh,2016,31.0,9716.0,36.0,94.00270833333335,32.0,47.770833333333336,47.03075,15003.34,2742522.49,8947.5,6055.85,3580285350.0,7668933532.51,747362873.0,5061813.0,-0.2624016125118937,-0.23171116724979865,-1.0919034544310904,-1.7056606187571153,0.7339025912544974,1.010828835734892,0.21528814039233782,-1.2341717605219729,-0.2624016125118937,-0.23171116724979865,-1.0919034544310904,-0.48587901375130893,1.010828835734892,-0.5094418100648175,-0.2617513703790028,0.122015025659487,100.0,1.0,0,-1.0206406871899134,-0.41484747345748985
Maharashtra,2016,22.0,8762.0,48.0,95.41082887700536,41.52794117647059,60.844607843137254,71.72339572192513,15003.34,2742522.49,8947.5,6055.85,3580285350.0,7668933532.51,747362873.0,5688225.0,0.004436479244051365,0.053508774984240656,-0.3097419946235669,-0.1297525532300818,0.9330343716836861,0.20254793305840935,-0.2435361547255584,-0.6109391938207818,0.004436479244051365,0.053508774984240656,-0.3097419946235669,0.4016409092268021,0.20254793305840935,-0.42723767427317005,-0.012474262063872246,0.122015025659487,100.0,1.0,0,-1.0206406871899134,-0.16557036514235926
Manipur,2016,16.0,8938.0,34.0,94.25555555555556,42.57222222222222,63.705555555555556,78.64999999999999,15003.34,2742522.49,8947.5,6055.85,3580285350.0,7668933532.51,747362873.0,81220.0,-0.21448719880152706,0.08476944022437957,-0.13858078655010322,0.3123099001602389,-0.8493913936678122,-0.3363060020592457,-0.15888932459898636,-1.3380438549721714,-0.21448719880152706,0.08476944022437957,-0.13858078655010322,-0.2685407467537867,-0.3363060020592457,-0.7484665897855789,-0.27026864728764366,0.122015025659487,100.0,1.0,0,-1.0206406871899134,-0.42336475036613064
Meghalaya,2016,37.0,9491.0,85.0,92.66818181818181,42.97727272727273,77.0909090909091,64.10909090909091,15003.34,2742522.49,8947.5,6055.85,3580285350.0,7668933532.51,747362873.0,387717.0,-0.5152936751275877,0.09689467058764763,0.6622214342164335,-0.6157047068817333,-0.7519582453465716,1.5496827708525471,0.1070748632418906,1.3106945535078904,-0.5152936751275877,0.09689467058764763,0.6622214342164335,-0.6838314761141524,1.5496827708525471,0.7088847083748905,0.3030930721316298,0.122015025659487,100.0,1.0,0,-1.0206406871899134,0.14999696905314278
Mizoram,2016,26.0,9679.0,82.0,96.30000000000001,46.59375,88.2,90.20625000000001,15003.34,2742522.49,8947.5,6055.85,3580285350.0,7668933532.51,747362873.0,70608.0,0.17293393265500678,0.20515430608637153,1.3268422563113187,1.0498407337264595,-0.8527648706349115,0.5617838898035128,0.19749306814981984,1.1548864118325928,0.17293393265500678,0.20515430608637153,1.3268422563113187,0.098537931545774,0.5617838898035128,0.6761897399912064,0.506907009398865,0.122015025659487,100.0,1.0,0,-1.0206406871899134,0.35381090632037804
Nagaland,2016,8.0,6632.0,26.0,97.93181818181819,42.25454545454546,83.03181818181818,75.03636363636363,15003.34,2742522.49,8947.5,6055.85,3580285350.0,7668933532.51,747362873.0,117673.0,0.48216260749098794,0.07525975207164196,1.0176467265560467,0.08168420069216525,-0.8378032523295473,-1.0547779155494525,-1.2679551784164589,-1.7535322327729652,0.48216260749098794,0.07525975207164196,1.0176467265560467,-0.37805952581869107,-1.0547779155494525,-1.5107437055947122,-0.22808534347402987,0.122015025659487,100.0,1.0,0,-1.0206406871899134,-0.38118144655251684
Odisha,2016,5.0,8338.0,32.0,91.69666666666667,33.895,44.05833333333333,63.16666666666667,15003.34,2742522.49,8947.5,6055.85,3580285350.0,7668933532.51,747362873.0,5390546.0,-0.6993952780104368,-0.17498413876349156,-1.3140102696708604,-0.6758511157157548,0.8384044008875001,-1.32420488310828,-0.4474580636668456,-1.44191594942237,-0.6993952780104368,-0.17498413876349156,-1.3140102696708604,0.08127664258587264,-1.32420488310828,-0.9446870065446078,-0.7293341555853007,0.122015025659487,100.0,1.0,0,-1.0206406871899134,-0.8824302586637877
Punjab,2016,19.0,6277.0,50.0,99.6159090909091,39.52727272727273,84.92727272727272,88.8489898989899,15003.34,2742522.49,8947.5,6055.85,3580285350.0,7668933532.51,747362873.0,391155.0,0.8012969362562572,-0.006381449875549652,1.1310456147776369,0.9632191070167432,-0.7508653303623192,-0.0668790345004182,-1.4386916823649423,-0.5070670993705833,0.8012969362562572,-0.006381449875549652,1.1310456147776369,0.106176888327212,-0.0668790345004182,-0.9728793908677628,0.16539659401956255,0.122015025659487,100.0,1.0,0,-1.0206406871899134,0.012300490941075548
Rajasthan,2016,14.0,11702.0,76.0,94.12272727272727,31.45909090909091,55.766666666666666,66.55606060606061,15003.34,2742522.49,8947.5,6055.85,3580285350.0,7668933532.51,747362873.0,2814434.0,-0.23965808753005222,-0.24790333896932493,-0.613538719924785,-0.4595367804075446,0.019477290383553857,-0.5159239804317974,1.170450666706952,0.8432701284819972,-0.23965808753005222,-0.24790333896932493,-0.613538719924785,-0.22002974501199538,-0.5159239804317974,1.0068603975944748,-0.13836557904558008,0.122015025659487,100.0,1.0,0,-1.0206406871899134,-0.2914616821240671
Sikkim,2016,40.0,8383.0,87.0,99.3375,43.4625,89.2125,83.9375,15003.34,2742522.49,8947.5,6055.85,3580285350.0,7668933532.51,747362873.0,45110.0,0.7485385620676664,0.11142000110075212,1.348043361402387,0.6497631641932419,-0.8608704978217844,1.8191097384113746,-0.4258154082367562,1.414566647958089,0.7485385620676664,0.11142000110075212,1.348043361402387,-0.10555366681427125,1.8191097384113746,0.49437561986066636,0.7359889360047626,0.122015025659487,100.0,1.0,0,-1.0206406871899134,0.5828928329262756
The Dadra And Nagar Haveli And Daman And Diu,2016,11.0,7434.5,60.0,99.41666666666667,41.583333333333336,65.18333333333334,77.38333333333334,15003.34,2742522.49,8947.5,6055.85,3580285350.0,7668933532.51,747362873.0,2514.0,0.7635406031634695,0.055166945147972,-0.05017014254893761,0.23147003233830704,-0.8608704978217844,-0.785350947990625,-0.8819944899131971,0.012293372880409234,0.7635406031634695,0.055166945147972,-0.05017014254893761,-0.31470023274173864,-0.785350947990625,-0.4348505585163939,-0.1277273889143756,0.122015025659487,100.0,1.0,0,-1.0206406871899134,-0.2808234919928626
Tripura,2016,5.0,10061.0,99.0,93.275,39.68125,60.95625,46.99374999999999,15003.34,2742522.49,8947.5,6055.85,3580285350.0,7668933532.51,747362873.0,417496.0,-0.40030195342673874,-0.0017721236822812751,-0.30306280703911365,-1.7080219938434933,-0.7424917196583651,-1.32420488310828,0.3812151653563569,1.414566647958089,-0.40030195342673874,-0.0017721236822812751,-0.30306280703911365,-1.2252568567509292,-1.32420488310828,0.8978909066572229,-0.39278461955835337,0.122015025659487,100.0,1.0,0,-1.0206406871899134,-0.5458807226368404
Uttar Pradesh,2016,7.0,10747.0,87.0,81.06005128205129,32.67133333333333,51.16738461538462,58.43328205128205,15003.34,2742522.49,8947.5,6055.85,3580285350.0,7668933532.51,747362873.0,7516717.0,-2.7150282184767884,-0.2116147318282645,-0.8886988246519745,-0.9779402104458047,1.5142985675492313,-1.1445869047357284,0.7111454236906093,1.414566647958089,-2.7150282184767884,-0.2116147318282645,-0.8886988246519745,0.2681791785517133,-1.1445869047357284,1.062856035824349,-0.6048155775527824,0.122015025659487,100.0,1.0,0,-1.0206406871899134,-0.7579116806312693
Uttarakhand,2016,16.0,10758.0,76.0,98.39615384615385,41.26923076923077,73.66153846153847,81.66923076923077,15003.34,2742522.49,8947.5,6055.85,3580285350.0,7668933532.51,747362873.0,403600.0,0.5701539681471234,0.045764251163028194,0.45705332949823446,0.5050000709301297,-0.7469091561392179,-0.3363060020592457,0.7164358505735201,0.8432701284819972,0.5701539681471234,0.045764251163028194,0.45705332949823446,-0.12095454260454414,-0.3363060020592457,0.7798529895277586,0.23259399894539246,0.122015025659487,100.0,1.0,0,-1.0206406871899134,0.07949789586690545
West Bengal,2016,44.0,7241.0,75.0,95.52277777777778,37.4225,58.72916666666667,68.44194444444445,15003.34,2742522.49,8947.5,6055.85,3580285350.0,7668933532.51,747362873.0,10858658.0,0.02565073621269749,-0.06938804747829491,-0.43630196836981683,-0.33917788549506955,2.5766771002390634,2.178345695156478,-0.9750579082625817,0.791334081256898,0.02565073621269749,-0.06938804747829491,-0.43630196836981683,1.118749607371997,2.178345695156478,-0.09186191350284184,0.4541990182317031,0.122015025659487,100.0,1.0,0,-1.0206406871899134,0.3011029151532161
Andaman And Nicobar Islands,2019,18.0,8938.0,60.0,96.89999999999999,86.06666666666666,86.39999999999999,99.39999999999999,15003.34,2742522.49,8947.5,6055.85,3580285350.0,7668933532.51,747362873.0,2660899.0,0.2866336125389854,1.3867803051299712,1.2191541034677933,1.4742717969330654,-0.029330360025754197,-0.15668802368669404,-0.15888932459898636,0.012293372880409234,0.2866336125389854,1.3867803051299712,1.2191541034677933,0.7224707184536556,-0.15668802368669404,-0.07329797585928856,0.5641754566740705,16.0022903176946,94.0425531914893,0.914893617021277,0,1.2896223974698569,0.7576188162945491
Andhra Pradesh,2019,29.0,6860.0,75.0,99.48461538461538,67.64615384615385,76.7,84.91538461538462,15003.34,2742522.49,8947.5,6055.85,3580285350.0,7668933532.51,747362873.0,8926813.0,0.776416848962295,0.835360275841521,0.638834613144355,0.7121726876559745,1.9625577437081765,0.8312108573623402,-1.1582990575706722,0.791334081256898,0.776416848962295,0.835360275841521,0.638834613144355,1.3373652156820754,0.8312108573623402,-0.1834824881568871,0.7059508871392833,16.0022903176946,94.0425531914893,0.914893617021277,0,1.2896223974698569,0.8993942467597619
Arunachal Pradesh,2019,31.0,15130.0,45.0,94.865,70.83500000000001,84.53999999999999,91.47,15003.34,2742522.49,8947.5,6055.85,3580285350.0,7668933532.51,747362873.0,65182.0,-0.09899780173418751,0.9308187278772367,1.1078763455294844,1.1304944571159068,-0.8544897562383302,1.010828835734892,2.8191400625813214,-0.7667473354960795,-0.09899780173418751,0.9308187278772367,1.1078763455294844,0.13800235043878828,1.010828835734892,1.026196363542621,0.6857874702314725,16.0022903176946,94.0425531914893,0.914893617021277,0,1.2896223974698569,0.879230829851951
Assam,2019,18.0,10002.0,71.0,93.15757575757576,77.4030303030303,70.10909090909091,68.5939393939394,15003.34,2742522.49,8947.5,6055.85,3580285350.0,7668933532.51,747362873.0,3675547.0,-0.4225537847171659,1.127433420277726,0.24452193227791316,-0.32947742368445926,0.2932187973162434,-0.15668802368669404,0.3528392393480174,0.583589892356501,-0.4225537847171659,1.127433420277726,0.24452193227791316,-0.01812931318410793,-0.15668802368669404,0.46821456585225923,0.20713313280332177,16.0022903176946,94.0425531914893,0.914893617021277,0,1.2896223974698569,0.4005764924238003
Bihar,2019,27.0,5854.0,49.0,96.54736842105264,57.642105263157895,49.473684210526315,58.973684210526315,15003.34,2742522.49,8947.5,6055.85,3580285350.0,7668933532.51,747362873.0,12192290.0,0.21981011646682325,0.5358880072684283,-0.9900274180239305,-0.9434512321900204,2.5766771002390634,0.6515928789897886,-1.4386916823649423,-0.5590031465956825,0.21981011646682325,0.5358880072684283,-0.9900274180239305,0.8166129340245215,0.6515928789897886,-0.9988474144803123,0.03917151737421983,16.0022903176946,94.0425531914893,0.914893617021277,0,1.2896223974698569,0.23261487699469835
Chhattisgarh,2019,12.0,8560.0,81.0,97.96296296296296,68.0037037037037,72.80740740740741,65.87407407407407,15003.34,2742522.49,8947.5,6055.85,3580285350.0,7668933532.51,747362873.0,2782646.0,0.4880645269013506,0.8460635692212073,0.4059534431061976,-0.5030618075934368,0.009372118330203906,-0.6955419588043491,-0.3406876302117377,1.1029503646074936,0.4880645269013506,0.8460635692212073,0.4059534431061976,-0.24684484463161643,-0.6955419588043491,0.381131367197878,0.1964710171651113,16.0022903176946,94.0425531914893,0.914893617021277,0,1.2896223974698569,0.3899143767855898
Delhi,2019,6.0,12072.0,23.0,99.86363636363636,83.8,81.0909090909091,97.05454545454545,15003.34,2742522.49,8947.5,6055.85,3580285350.0,7668933532.51,747362873.0,2660899.0,0.8263123014327509,1.3189273950671943,0.9015284405353775,1.4742717969330654,-0.029330360025754197,-1.234395893922004,1.3484013891321318,-1.8080650823593194,0.8263123014327509,1.3189273950671943,0.9015284405353775,0.7224707184536556,-1.234395893922004,-0.2298318466135938,0.38416851915889666,16.0022903176946,94.0425531914893,0.914893617021277,0,1.2896223974698569,0.5776118787793751
Goa,2019,18.0,8938.0,60.0,100.0,93.1,87.95,96.75,15003.34,2742522.49,8947.5,6055.85,3580285350.0,7668933532.51,747362873.0,46186.0,0.8263123014327509,1.4465257902771584,1.3118855684163848,1.4674690640368058,-0.8605284453136239,-0.15668802368669404,-0.15888932459898636,0.012293372880409234,0.8263123014327509,1.4465257902771584,1.3118855684163848,0.3034703093615909,-0.15668802368669404,-0.07329797585928856,0.6097013283236504,16.0022903176946,94.0425531914893,0.914893617021277,0,1.2896223974698569,0.803144687944129
Gujarat,2019,65.0,7811.0,62.0,97.353125,74.5375,71.275,64.80625,15003.34,2742522.49,8947.5,6055.85,3580285350.0,7668933532.51,747362873.0,2660899.0,0.3725005582847039,1.0416534629540446,0.31427448582428746,-0.5712113525975622,-0.029330360025754197,2.178345695156478,-0.7009176061481154,0.11616546733060773,0.3725005582847039,1.0416534629540446,0.31427448582428746,-0.3002708563116582,2.178345695156478,-0.2923760694087538,0.5523545460831837,16.0022903176946,94.0425531914893,0.914893617021277,0,1.2896223974698569,0.7457979057036622
Haryana,2019,7.0,10518.0,45.0,99.61363636363636,79.39999999999999,85.02727272727272,93.3409090909091,15003.34,2742522.49,8947.5,6055.85,3580285350.0,7668933532.51,747362873.0,580325.0,0.8008662556506337,1.1872129225923915,1.1370282899356101,1.2498976494442833,-0.6907295748151878,-1.1445869047357284,0.6010083549463764,-0.7667473354960795,0.8008662556506337,1.1872129225923915,1.1370282899356101,0.27958403731454773,-1.1445869047357284,-0.08286949027485158,0.36287251841376716,16.0022903176946,94.0425531914893,0.914893617021277,0,1.2896223974698569,0.5563158780342456
Himachal Pradesh,2019,14.0,8880.0,80.0,99.47,90.65,80.96000000000001,92.27000000000001,15003.34,2742522.49,8947.5,6055.85,3580285350.0,7668933532.51,747362873.0,330554.0,0.7736472413753779,1.4465257902771584,0.8936965748740305,1.181551215740286,-0.7701299437889285,-0.5159239804317974,-0.1867843027088794,1.0510143173823943,0.7736472413753779,1.4465257902771584,0.8936965748740305,0.2057106359756788,-0.5159239804317974,0.43211500733675745,0.5392952115678676,16.0022903176946,94.0425531914893,0.914893617021277,0,1.2896223974698569,0.7327385711883462
Jammu And Kashmir,2019,21.0,9877.0,55.0,98.91499999999999,75.045,73.75,71.89,15003.34,2742522.49,8947.5,6055.85,3580285350.0,7668933532.51,747362873.0,629974.0,0.6684750374826929,1.0568455299497181,0.46234569598413366,-0.11911971021575987,-0.6749465218619737,0.1127389438721335,0.2927207520422134,-0.24738686324508702,0.6684750374826929,1.0568455299497181,0.46234569598413366,-0.39703311603886676,0.1127389438721335,0.022666944398563177,0.3210065059413958,16.0022903176946,94.0425531914893,0.914893617021277,0,1.2896223974698569,0.5144498655618743
Jharkhand,2019,5.0,16020.0,21.0,93.45,59.74166666666667,55.3125,74.80416666666666,15003.34,2742522.49,8947.5,6055.85,3580285350.0,7668933532.51,747362873.0,3135384.0,-0.3671395467939111,0.5987386033347042,-0.6407100362672483,0.0668651698982522,0.1215049414003736,-1.32420488310828,2.8191400625813214,-1.8080650823593194,-0.3671395467939111,0.5987386033347042,-0.6407100362672483,0.0941850556493129,-1.32420488310828,0.505537490111001,-0.18893221951240355,16.0022903176946,94.0425531914893,0.914893617021277,0,1.2896223974698569,0.0045111401080749625
Karnataka,2019,23.0,8059.0,51.0,99.16000000000001,75.83,74.59666666666666,84.82666666666667,15003.34,2742522.49,8947.5,6055.85,3580285350.0,7668933532.51,747362873.0,2726564.0,0.7149024067686559,1.080344589243518,0.5129990123216434,0.7065106240392961,-0.008455938140664717,0.2923569222446852,-0.5816425273334002,-0.45513105214548405,0.7149024067686559,1.080344589243518,0.5129990123216434,0.3490273429493157,0.2923569222446852,-0.5183867897394421,0.4052072472980626,16.0022903176946,94.0425531914893,0.914893617021277,0,1.2896223974698569,0.5986506069185411
Kerala,2019,18.0,8938.0,60.0,99.44285714285715,97.87857142857142,98.60000000000001,93.25,15003.34,2742522.49,8947.5,6055.85,3580285350.0,7668933532.51,747362873.0,3270313.0,0.768503684428247,1.4465257902771584,1.348043361402387,1.2440957450551493,0.16439788087396284,-0.15668802368669404,-0.15888932459898636,0.012293372880409234,0.768503684428247,1.4465257902771584,1.348043361402387,0.704246812964556,-0.15668802368669404,-0.07329797585928856,0.6728889415877276,16.0022903176946,94.0425531914893,0.914893617021277,0,1.2896223974698569,0.8663323012082061
Ladakh,2019,18.0,8938.0,60.0,99.44999999999999,76.80000000000001,42.349999999999994,78.7,15003.34,2742522.49,8947.5,6055.85,3580285350.0,7668933532.51,747362873.0,2660899.0,0.7698572520459099,1.1093816434027362,-1.4162143036195762,0.3155009475742633,-0.029330360025754197,-0.15668802368669404,-0.15888932459898636,0.012293372880409234,0.7698572520459099,1.1093816434027362,-1.4162143036195762,0.14308529377425455,-0.15668802368669404,-0.07329797585928856,0.06268731434289031,16.0022903176946,94.0425531914893,0.914893617021277,0,1.2896223974698569,0.2561306739633688
Madhya Pradesh,2019,31.0,9716.0,36.0,98.37,64.0,64.15,59.574,15003.34,2742522.49,8947.5,6055.85,3580285350.0,7668933532.51,747362873.0,5061813.0,0.5651978282547446,0.7262122689305831,-0.11199111918133134,-0.9051385092380689,0.7339025912544974,1.010828835734892,0.21528814039233782,-1.2341717605219729,0.5651978282547446,0.7262122689305831,-0.11199111918133134,-0.08561795899178576,1.010828835734892,-0.5094418100648175,0.26586467411371417,16.0022903176946,94.0425531914893,0.914893617021277,0,1.2896223974698569,0.4593080337341927
Maharashtra,2019,22.0,8762.0,48.0,97.58529411764707,83.05588235294118,71.45588235294117,82.15588235294118,15003.34,2742522.49,8947.5,6055.85,3580285350.0,7668933532.51,747362873.0,5688225.0,0.4164964822103997,1.2966521533986617,0.32509608941885687,0.5360586364847222,0.9330343716836861,0.20254793305840935,-0.2435361547255584,-0.6109391938207818,0.4164964822103997,1.2966521533986617,0.32509608941885687,0.7345465040842041,0.20254793305840935,-0.42723767427317005,0.4246835813162269,16.0022903176946,94.0425531914893,0.914893617021277,0,1.2896223974698569,0.6181269409367054
Manipur,2019,16.0,8938.0,34.0,97.38888888888889,85.14444444444445,71.35555555555555,81.75555555555555,15003.34,2742522.49,8947.5,6055.85,3580285350.0,7668933532.51,747362873.0,81220.0,0.3792777961481572,1.3591734838789395,0.3190938630348769,0.5105094006534864,-0.8493913936678122,-0.3363060020592457,-0.15888932459898636,-1.3380438549721714,0.3792777961481572,1.3591734838789395,0.3190938630348769,-0.16944099650716293,-0.3363060020592457,-0.7484665897855789,0.13388859245166437,16.0022903176946,94.0425531914893,0.914893617021277,0,1.2896223974698569,0.3273319520721429
Meghalaya,2019,37.0,9491.0,85.0,91.43636363636364,85.95454545454545,83.38181818181819,62.61818181818182,15003.34,2742522.49,8947.5,6055.85,3580285350.0,7668933532.51,747362873.0,387717.0,-0.7487225633742463,1.3834239446054757,1.0385860896089547,-0.7108559388635299,-0.7519582453465716,1.5496827708525471,0.1070748632418906,1.3106945535078904,-0.7487225633742463,1.3834239446054757,1.0385860896089547,-0.7314070921050508,1.5496827708525471,0.7088847083748905,0.5334079763270951,16.0022903176946,94.0425531914893,0.914893617021277,0,1.2896223974698569,0.7268513359475737
Mizoram,2019,26.0,9679.0,82.0,97.8375,93.1875,94.9375,88.7,15003.34,2742522.49,8947.5,6055.85,3580285350.0,7668933532.51,747362873.0,70608.0,0.4642893623577105,1.4465257902771584,1.348043361402387,0.953710430378996,-0.8527648706349115,0.5617838898035128,0.19749306814981984,1.1548864118325928,0.4642893623577105,1.4465257902771584,1.348043361402387,0.050472779872042295,0.5617838898035128,0.6761897399912064,0.7578841539506694,16.0022903176946,94.0425531914893,0.914893617021277,0,1.2896223974698569,0.951327513571148
Nagaland,2019,8.0,6632.0,26.0,98.51818181818182,84.50909090909092,88.2,78.31818181818181,15003.34,2742522.49,8947.5,6055.85,3580285350.0,7668933532.51,747362873.0,117673.0,0.5932782037412421,1.3401541075734642,1.3268422563113187,0.29113294913990023,-0.8378032523295473,-1.0547779155494525,-1.2679551784164589,-1.7535322327729652,0.5932782037412421,1.3401541075734642,1.3268422563113187,-0.2733351515948236,-1.0547779155494525,-1.5107437055947122,0.07023629914783946,16.0022903176946,94.0425531914893,0.914893617021277,0,1.2896223974698569,0.263679658768318
Odisha,2019,5.0,8338.0,32.0,96.92666666666668,67.79,59.65,80.63000000000001,15003.34,2742522.49,8947.5,6055.85,3580285350.0,7668933532.51,747362873.0,5390546.0,0.29168693164494364,0.8396663259031972,-0.38121150129014364,0.43867537775557713,0.8384044008875001,-1.32420488310828,-0.4474580636668456,-1.44191594942237,0.29168693164494364,0.8396663259031972,-0.38121150129014364,0.6385398893215386,-1.32420488310828,-0.9446870065446078,-0.14670170734555865,16.0022903176946,94.0425531914893,0.914893617021277,0,1.2896223974698569,0.04674165227491986
Puducherry,2019,18.0,8938.0,60.0,99.775,90.175,88.19999999999999,97.7,15003.34,2742522.49,8947.5,6055.85,3580285350.0,7668933532.51,747362873.0,52746.0,0.8263123014327509,1.4465257902771584,1.3268422563113178,1.4742717969330654,-0.8584430694274413,-0.15668802368669404,-0.15888932459898636,0.012293372880409234,0.8263123014327509,1.4465257902771584,1.3268422563113178,0.30791436375281206,-0.15668802368669404,-0.07329797585928856,0.6129347853713428,16.0022903176946,94.0425531914893,0.914893617021277,0,1.2896223974698569,0.8063781449918214
Punjab,2019,19.0,6277.0,50.0,99.68181818181819,79.05454545454546,86.50454545454545,93.1590909090909,15003.34,2742522.49,8947.5,6055.85,3580285350.0,7668933532.51,747362873.0,391155.0,0.8137866738192698,1.176871703679081,1.225408718405675,1.238293840666015,-0.7508653303623192,-0.0668790345004182,-1.4386916823649423,-0.5070670993705833,0.8137866738192698,1.176871703679081,1.225408718405675,0.24371425515184797,-0.0668790345004182,-0.9728793908677628,0.4033371542812821,16.0022903176946,94.0425531914893,0.914893617021277,0,1.2896223974698569,0.5967805139017606
Rajasthan,2019,14.0,11702.0,76.0,97.97575757575757,62.91818181818182,68.57575757575758,81.76666666666667,15003.34,2742522.49,8947.5,6055.85,3580285350.0,7668933532.51,747362873.0,2814434.0,0.4904890991996612,0.6938279254915305,0.15278757985565145,0.5112185223010477,0.019477290383553857,-0.5159239804317974,1.170450666706952,0.8432701284819972,0.4904890991996612,0.6938279254915305,0.15278757985565145,0.26534790634230077,-0.5159239804317974,1.0068603975944748,0.34889815467530355,16.0022903176946,94.0425531914893,0.914893617021277,0,1.2896223974698569,0.542341514295782
Sikkim,2019,40.0,8383.0,87.0,99.175,86.925,87.35,84.45,15003.34,2742522.49,8947.5,6055.85,3580285350.0,7668933532.51,747362873.0,45110.0,0.717744898765753,1.4124746056316846,1.2759895174685427,0.6824714001869846,-0.8608704978217844,1.8191097384113746,-0.4258154082367562,1.414566647958089,0.717744898765753,1.4124746056316846,1.2759895174685427,-0.08919954881739989,1.8191097384113746,0.49437561986066636,0.9384158052201036,16.0022903176946,94.0425531914893,0.914893617021277,0,1.2896223974698569,1.131859164840582
Tamil Nadu,2019,18.0,8938.0,60.0,99.2375,83.859375,71.571875,98.2,15003.34,2742522.49,8947.5,6055.85,3580285350.0,7668933532.51,747362873.0,3284958.0,0.7295886154203344,1.3207047920679196,0.3320355526995216,1.4742717969330654,0.1690534189613326,-0.15668802368669404,-0.15888932459898636,0.012293372880409234,0.7295886154203344,1.3207047920679196,0.3320355526995216,0.821662607947199,-0.15668802368669404,-0.07329797585928856,0.49566759476483196,16.0022903176946,94.0425531914893,0.914893617021277,0,1.2896223974698569,0.6891109543853104
Telangana,2019,18.0,8938.0,60.0,99.51333333333334,64.30666666666667,74.49,91.30666666666666,15003.34,2742522.49,8947.5,6055.85,3580285350.0,7668933532.51,747362873.0,3936681.0,0.7818588849225551,0.7353923685273119,0.506617492153138,1.1200703688967624,0.37623138064893136,-0.15668802368669404,-0.15888932459898636,0.012293372880409234,0.7818588849225551,0.7353923685273119,0.506617492153138,0.7481508747728469,-0.15668802368669404,-0.07329797585928856,0.42367227013831155,16.0022903176946,94.0425531914893,0.914893617021277,0,1.2896223974698569,0.6171156297587901
The Dadra And Nagar Haveli And Daman And Diu,2019,11.0,7434.5,60.0,99.73333333333333,83.16666666666667,73.3,90.53333333333335,15003.34,2742522.49,8947.5,6055.85,3580285350.0,7668933532.51,747362873.0,2514.0,0.8235487675466817,1.2999684937261244,0.4354236577732523,1.070715502226531,-0.8608704978217844,-0.785350947990625,-0.8819944899131971,0.012293372880409234,0.8235487675466817,1.2999684937261244,0.4354236577732523,0.10492250220237326,-0.785350947990625,-0.4348505585163939,0.2406103191235688,16.0022903176946,94.0425531914893,0.914893617021277,0,1.2896223974698569,0.4340536787440473
Tripura,2019,5.0,10061.0,99.0,97.85,79.3625,71.6125,66.7875,15003.34,2742522.49,8947.5,6055.85,3580285350.0,7668933532.51,747362873.0,417496.0,0.46665810568862465,1.1860903560656177,0.3344660144824479,-0.4447660988168752,-0.7424917196583651,-1.32420488310828,0.3812151653563569,1.414566647958089,0.46665810568862465,1.1860903560656177,0.3344660144824479,-0.5936289092376201,-1.32420488310828,0.8978909066572229,0.16121193175800216,16.0022903176946,94.0425531914893,0.914893617021277,0,1.2896223974698569,0.3546552913784807
Uttar Pradesh,2019,7.0,10747.0,87.0,91.14933333333333,65.34266666666666,68.98400000000001,71.95733333333334,15003.34,2742522.49,8947.5,6055.85,3580285350.0,7668933532.51,747362873.0,7516717.0,-0.80311465266016,0.7664051397736514,0.17721139795511257,-0.11482243303154108,1.5142985675492313,-1.1445869047357284,0.7111454236906093,1.414566647958089,-0.80311465266016,0.7664051397736514,0.17721139795511257,0.6997380672588451,-1.1445869047357284,1.062856035824349,0.12641818056934495,16.0022903176946,94.0425531914893,0.914893617021277,0,1.2896223974698569,0.3198615401898235
Uttarakhand,2019,16.0,10758.0,76.0,99.60769230769232,82.53846153846153,82.30000000000001,92.04615384615384,15003.34,2742522.49,8947.5,6055.85,3580285350.0,7668933532.51,747362873.0,403600.0,0.7997398602205504,1.2811631057562367,0.973864421990877,1.167265141932887,-0.7469091561392179,-0.3363060020592457,0.7164358505735201,0.8432701284819972,0.7997398602205504,1.2811631057562367,0.973864421990877,0.21017799289683453,-0.3363060020592457,0.7798529895277586,0.6180820613888353,16.0022903176946,94.0425531914893,0.914893617021277,0,1.2896223974698569,0.8115254210093138
West Bengal,2019,44.0,7241.0,75.0,97.14,74.845,67.125,82.845,15003.34,2742522.49,8947.5,6055.85,3580285350.0,7668933532.51,747362873.0,10858658.0,0.33211348449258005,1.0508585084735906,0.06599346676838284,0.5800387781968247,2.5766771002390634,2.178345695156478,-0.9750579082625817,0.791334081256898,0.33211348449258005,1.0508585084735906,0.06599346676838284,1.578357939217944,2.178345695156478,-0.09186191350284184,0.8523011967676889,16.0022903176946,94.0425531914893,0.914893617021277,0,1.2896223974698569,1.0457445563881673
